"0",""
"0","    statistics <- list("
"0","          `_Количество субъектов` = ~length(.x) %>% as.character(),"
"0","          `_Нет данных` = ~sum(is.na(.x)) %>% as.character(),"
"0","          `_Ср. знач.` = ~ifelse(sum(!is.na(.x)) == 0, ""Н/П*"", mean(.x, na.rm = TRUE) %>% round(2) %>% as.character()),"
"0","          `_Станд. отклон.` = ~ifelse(sum(!is.na(.x)) < 3, ""Н/П*"", sd(.x, na.rm = TRUE) %>% round(2) %>% as.character()),"
"0","          `_95% ДИ для среднего` = ~sd(.x, na.rm = TRUE) %>% round(2) %>% as.character(),"
"0","          `_мин.` = ~ifelse(sum(!is.na(.x)) == 0, ""Н/П*"", min(.x, na.rm = TRUE) %>% round(2) %>% as.character()),"
"0","          `_макс.` = ~ifelse(sum(!is.na(.x)) == 0, ""Н/П*"", max(.x, na.rm = TRUE) %>% round(2) %>% as.character()),"
"0","          `_Медиана` = ~ifelse(sum(!is.na(.x)) == 0, ""Н/П*"", median(.x, na.rm = TRUE) %>% round(2)%>% as.character()),"
"0","          `_Q1` = ~ifelse(sum(!is.na(.x)) == 0, ""Н/П*"", quantile(.x, 0.25, na.rm = TRUE) %>% round(2)%>% as.character()),"
"0","          `_Q3` = ~ifelse(sum(!is.na(.x)) == 0, ""Н/П*"", quantile(.x, 0.75, na.rm = TRUE) %>% round(2)%>% as.character()),"
"0","          `_Q1 - Q3` = ~ifelse(sum(!is.na(.x)) == 0, ""Н/П*"", paste0(quantile(.x, 0.25, na.rm = TRUE) %>% round(2), "" - "", quantile(.x, 0.75, na.rm = TRUE) %>% round(2)))"
"0","    )"
"0",""
"0","data %>%"
"0","  select(cardio, where(is.numeric)) %>%"
"0","  group_by(cardio) %>%"
"0","  summarize(across(where(is.numeric), statistics)) %>% "
"0","  pivot_longer(!cardio) %>%"
"0","  separate(name, into = c('Переменная', 'Статистика'), sep = ""__"") %>%"
"0","  rename('Значение' = value) %>%"
"0","  print(n = Inf)"
