{"chunk_definitions":[{"row":11,"row_count":1,"visible":true,"expansion_state":0,"options":{"engine":"r","label":"setup","include":false},"document_id":"0C988CD3","chunk_id":"csetup_chunk","chunk_label":"setup"},{"row":30,"row_count":1,"visible":true,"expansion_state":0,"options":{"engine":"r","label":"unnamed-chunk-54"},"document_id":"0C988CD3","chunk_id":"ctgiamkh1ulvc","chunk_label":"unnamed-chunk-2"},{"row":76,"row_count":1,"visible":true,"expansion_state":0,"options":{"engine":"r","label":"unnamed-chunk-93"},"document_id":"0C988CD3","chunk_id":"casy3jdxqwgwl","chunk_label":"unnamed-chunk-3"},{"row":84,"row_count":1,"visible":true,"expansion_state":0,"options":{"engine":"r"},"document_id":"0C988CD3","chunk_id":"ctpjc2sej4xk1","chunk_label":"unnamed-chunk-4"},{"row":92,"row_count":1,"visible":true,"expansion_state":0,"options":{"engine":"r"},"document_id":"0C988CD3","chunk_id":"c26mmtpm0vdbn","chunk_label":"unnamed-chunk-5"},{"row":101,"row_count":1,"visible":true,"expansion_state":0,"options":{"engine":"r","label":"unnamed-chunk-96"},"document_id":"0C988CD3","chunk_id":"c73ae3v1vxr4k","chunk_label":"unnamed-chunk-6"},{"row":109,"row_count":1,"visible":true,"expansion_state":0,"options":{"engine":"r","label":"unnamed-chunk-98"},"document_id":"0C988CD3","chunk_id":"cxje300wqm0by","chunk_label":"unnamed-chunk-7"},{"row":161,"row_count":1,"visible":true,"expansion_state":0,"options":{"engine":"r","label":"unnamed-chunk-123"},"document_id":"CD2AB3F8","chunk_id":"csps3zx6pm1nj","chunk_label":"unnamed-chunk-8"}],"doc_write_time":1697307281,"working_dir":null,"default_chunk_options":{"echo":true}}