"0",""
"0","data$id <- as.numeric(data$id)"
"0","data$age <- as.numeric(data$age)"
"0","data$height <- as.numeric(data$height)"
"0","data$weight <- as.numeric(data$weight)"
"0","data$ap_hi <- as.numeric(data$ap_hi)"
"0","data$ap_lo <- as.numeric(data$ap_lo)"
"0",""
"0","data$gender <- as.factor(data$gender)"
"0","data$cholesterol <- as.factor(data$cholesterol)"
"0","data$gluc <- as.factor(data$gluc)"
"0","data$alco <- as.factor(data$alco)"
"0","data$active <- as.factor(data$active)"
"0","data$smoke <- as.factor(data$smoke)"
"0","data$cardio <- as.factor(data$cardio)"
"0",""
"0",""
"0","data %>%"
"0","  arrange(desc(age))"
