{"chunk_definitions":[{"row":11,"row_count":1,"visible":true,"expansion_state":0,"options":{"include":false,"engine":"r"},"document_id":"0C988CD3","chunk_id":"csetup_chunk","chunk_label":"setup"},{"row":23,"row_count":1,"visible":true,"expansion_state":0,"options":{"engine":"r"},"document_id":"0C988CD3","chunk_id":"c4ipi8dcouksm","chunk_label":"unnamed-chunk-1"},{"row":30,"row_count":1,"visible":true,"expansion_state":0,"options":{"engine":"r"},"document_id":"0C988CD3","chunk_id":"ctgiamkh1ulvc","chunk_label":"unnamed-chunk-2"},{"row":73,"row_count":1,"visible":true,"expansion_state":0,"options":{"engine":"r"},"document_id":"0C988CD3","chunk_id":"casy3jdxqwgwl","chunk_label":"unnamed-chunk-3"},{"row":81,"row_count":1,"visible":true,"expansion_state":0,"options":{"engine":"r"},"document_id":"0C988CD3","chunk_id":"ctpjc2sej4xk1","chunk_label":"unnamed-chunk-4"},{"row":89,"row_count":1,"visible":true,"expansion_state":0,"options":{"engine":"r"},"document_id":"0C988CD3","chunk_id":"c26mmtpm0vdbn","chunk_label":"unnamed-chunk-5"},{"row":97,"row_count":1,"visible":true,"expansion_state":0,"options":{"engine":"r"},"document_id":"0C988CD3","chunk_id":"c73ae3v1vxr4k","chunk_label":"unnamed-chunk-6"},{"row":105,"row_count":1,"visible":true,"expansion_state":0,"options":{"engine":"r"},"document_id":"0C988CD3","chunk_id":"cxje300wqm0by","chunk_label":"unnamed-chunk-7"}],"doc_write_time":1697056397}