{"chunk_definitions":[{"row":11,"row_count":1,"visible":true,"expansion_state":0,"options":{"engine":"r","label":"setup","include":false},"document_id":"0C988CD3","chunk_id":"csetup_chunk","chunk_label":"setup"},{"row":21,"row_count":1,"visible":true,"expansion_state":0,"options":{"engine":"r","label":"unnamed-chunk-2"},"document_id":"0C988CD3","chunk_id":"cz70huvfbzx6p","chunk_label":"unnamed-chunk-1"},{"row":29,"row_count":1,"visible":true,"expansion_state":0,"options":{"engine":"r","label":"unnamed-chunk-3"},"document_id":"0C988CD3","chunk_id":"cx5rztmpvdy7r","chunk_label":"unnamed-chunk-2"},{"row":75,"row_count":1,"visible":true,"expansion_state":0,"options":{"engine":"r","label":"unnamed-chunk-22"},"document_id":"0C988CD3","chunk_id":"cpa1wwzpdeg3s","chunk_label":"unnamed-chunk-3"},{"row":83,"row_count":1,"visible":true,"expansion_state":0,"options":{"engine":"r","label":"unnamed-chunk-7"},"document_id":"0C988CD3","chunk_id":"czb80jpp5o4iu","chunk_label":"unnamed-chunk-4"},{"row":91,"row_count":1,"visible":true,"expansion_state":0,"options":{"engine":"r","label":"unnamed-chunk-8"},"document_id":"0C988CD3","chunk_id":"ci0dlarxbjbiu","chunk_label":"unnamed-chunk-5"},{"row":100,"row_count":1,"visible":true,"expansion_state":0,"options":{"engine":"r","label":"unnamed-chunk-9"},"document_id":"0C988CD3","chunk_id":"c5pxafif3vq2i","chunk_label":"unnamed-chunk-6"},{"row":161,"row_count":1,"visible":true,"expansion_state":0,"options":{"engine":"r","label":"unnamed-chunk-28"},"document_id":"0C988CD3","chunk_id":"c99z3im61f7n5","chunk_label":"unnamed-chunk-8"},{"row":183,"row_count":1,"visible":true,"expansion_state":0,"options":{"engine":"r","label":"unnamed-chunk-29"},"document_id":"0C988CD3","chunk_id":"cvnwqr8xrn8da","chunk_label":"unnamed-chunk-9"},{"row":219,"row_count":1,"visible":true,"expansion_state":0,"options":{"engine":"r","label":"unnamed-chunk-69"},"document_id":"0C988CD3","chunk_id":"ck86k3p6vl1ij","chunk_label":"unnamed-chunk-10"},{"row":251,"row_count":1,"visible":true,"expansion_state":0,"options":{"engine":"r","label":"unnamed-chunk-72"},"document_id":"0C988CD3","chunk_id":"c9l68n579nu75","chunk_label":"unnamed-chunk-12"},{"row":272,"row_count":1,"visible":true,"expansion_state":0,"options":{"engine":"r","label":"unnamed-chunk-82"},"document_id":"0C988CD3","chunk_id":"cn3tev2bqniie","chunk_label":"unnamed-chunk-13"}],"doc_write_time":1697316814,"chunk_rendered_width":400}